用户ID,用户等级,现居地址,回答数,金牌回答数,采纳率,关注人数,粉丝数量,蜂蜜
"['慕容十八剑\n                ', '                ']",['Lv.31'],['现居：朝阳'],['235'],['2'],['2%'],['1391'],['1360'],['301']
"['yuccayu\n                ', '                ']",['Lv.28'],['现居：海淀区'],['61'],['3'],['10%'],['47'],['1239'],['280']
"['慕渔\n                ', '                ']",['Lv.16'],['现居：基督城'],['338'],['3'],['16%'],['31'],['18'],['65']
"['静静\n                ', '                ']",['Lv.10'],[],['116'],[],['3%'],['8'],['2'],['19']
"['安娜\n                ', '                ']",['Lv.10'],[],['47'],[],['0%'],['2'],['62'],['0']
['1744638024\n                                '],['Lv.9'],[],['17'],[],['0%'],['10'],['1'],['5']
"['尤词\n                ', '                ']",['Lv.5'],['现居：北京'],['15'],[],['0%'],['12'],['3'],['28']
"['Soleil\n                ', '                ']",['Lv.9'],['现居：上海'],['29'],['1'],['0%'],[],[],[]
"['红白记忆\n                ', '                ']",['Lv.16'],['现居：广州'],['37'],[],['6%'],['5'],['13'],['11']
"['梨花熏雨\n                ', '                ']",['Lv.14'],['现居：沈阳'],['19'],['1'],['0%'],['111'],['39'],['265']
用户ID,用户等级,现居地址,回答数,金牌回答数,采纳率,关注人数,粉丝数量,蜂蜜
"['慕容十八剑\n                ', '                ']",['Lv.31'],['现居：朝阳'],['235'],['2'],['2%'],['1391'],['1360'],['301']
"['yuccayu\n                ', '                ']",['Lv.28'],['现居：海淀区'],['61'],['3'],['10%'],['47'],['1239'],['280']
"['慕渔\n                ', '                ']",['Lv.16'],['现居：基督城'],['338'],['3'],['16%'],['31'],['18'],['65']
"['静静\n                ', '                ']",['Lv.10'],[],['116'],[],['3%'],['8'],['2'],['19']
"['安娜\n                ', '                ']",['Lv.10'],[],['47'],[],['0%'],['2'],['62'],['0']
['1744638024\n                                '],['Lv.9'],[],['17'],[],['0%'],['10'],['1'],['5']
"['尤词\n                ', '                ']",['Lv.5'],['现居：北京'],['15'],[],['0%'],['12'],['3'],['28']
"['Soleil\n                ', '                ']",['Lv.9'],['现居：上海'],['29'],['1'],['0%'],[],[],[]
"['红白记忆\n                ', '                ']",['Lv.16'],['现居：广州'],['37'],[],['6%'],['5'],['13'],['11']
"['梨花熏雨\n                ', '                ']",['Lv.14'],['现居：沈阳'],['19'],['1'],['0%'],['111'],['39'],['265']
用户ID,用户等级,现居地址,回答数,金牌回答数,采纳率,关注人数,粉丝数量,蜂蜜
用户ID,用户等级,现居地址,回答数,金牌回答数,采纳率,关注人数,粉丝数量,蜂蜜
"['慕容十八剑\n                ', '                ']",['Lv.31'],['现居：朝阳'],['235'],['2'],['2%'],['1391'],['1360'],['301']
"['yuccayu\n                ', '                ']",['Lv.28'],['现居：海淀区'],['61'],['3'],['10%'],['47'],['1239'],['280']
"['慕渔\n                ', '                ']",['Lv.16'],['现居：基督城'],['338'],['3'],['16%'],['31'],['18'],['65']
"['静静\n                ', '                ']",['Lv.10'],[],['116'],[],['3%'],['8'],['2'],['19']
"['安娜\n                ', '                ']",['Lv.10'],[],['47'],[],['0%'],['2'],['62'],['0']
['1744638024\n                                '],['Lv.9'],[],['17'],[],['0%'],['10'],['1'],['5']
"['尤词\n                ', '                ']",['Lv.5'],['现居：北京'],['15'],[],['0%'],['12'],['3'],['28']
"['Soleil\n                ', '                ']",['Lv.9'],['现居：上海'],['29'],['1'],['0%'],[],[],[]
"['红白记忆\n                ', '                ']",['Lv.16'],['现居：广州'],['37'],[],['6%'],['5'],['13'],['11']
"['梨花熏雨\n                ', '                ']",['Lv.14'],['现居：沈阳'],['19'],['1'],['0%'],['111'],['39'],['265']
用户ID,用户等级,现居地址,回答数,金牌回答数,采纳率,关注人数,粉丝数量,蜂蜜
"['小-芹菜\n                ', '                ']",['Lv.16'],['现居：广州'],['11'],['4'],['14%'],['15'],['71'],['130']
"['Lillian\n                ', '                ']",['Lv.11'],[],['11'],['5'],['29%'],['15'],['5'],['12']
"['南方旅行者\n                ', '                ']",['Lv.15'],['现居：墨尔本'],['53'],['9'],['34%'],['28'],['12'],['39']
"['momoga\n                ', '                ']",['Lv.10'],[],['26'],['4'],['8%'],[],[],[]
