商品地址,id,价格,标题,详细描述,图片,多属性组合,多属性主属性,销量,日期,类别
https://www.ebay.com/itm/Lemon-Cup-water-bottle-650ml-multi-color-H2O-drink-more-water-drinking-bottle/263658794261?hash=item3d6349ed15:m:mblXZ6dMxISWmFId0D8LLgg&var=562771096385,['263658794261'],['US $6.19'],['Lemon Cup water bottle 650ml multi color H2O drink more water drinking bottle'],[],"https://i.ebayimg.com/images/g/81kAAOSwKytZI9uF/s-l500.jpg
https://i.ebayimg.com/images/g/4fcAAOSws5pZI9uI/s-l500.jpg
https://i.ebayimg.com/images/g/g98AAOSwIQdZI9uK/s-l500.jpg
https://i.ebayimg.com/images/g/CVkAAOSw42dZI9uP/s-l500.jpg
https://i.ebayimg.com/images/g/hogAAOSw5cRZI9uS/s-l500.jpg
https://i.ebayimg.com/images/g/TQMAAOSwtGlZI9uU/s-l500.jpg
https://i.ebayimg.com/images/g/fl4AAOSw0hlZI9uW/s-l500.jpg
https://i.ebayimg.com/images/g/4B4AAOSwK6RZI9uZ/s-l500.jpg
https://i.ebayimg.com/images/g/nnYAAOSwY3BZI9ug/s-l500.jpg
https://i.ebayimg.com/images/g/yzwAAOSw-3FZI9ul/s-l500.jpg
https://i.ebayimg.com/images/g/unYAAOSwsXFZI9uw/s-l500.jpg
https://i.ebayimg.com/images/g/xIUAAOSww9xZI9u0/s-l500.jpg
https://i.ebayimg.com/images/g/6gwAAOSwX9FZI9u2/s-l500.jpg
https://i.ebayimg.com/images/g/81kAAOSwKytZI9uF/s-l500.jpg
https://i.ebayimg.com/images/g/4fcAAOSws5pZI9uI/s-l500.jpg
https://i.ebayimg.com/images/g/g98AAOSwIQdZI9uK/s-l500.jpg
https://i.ebayimg.com/images/g/CVkAAOSw42dZI9uP/s-l500.jpg
https://i.ebayimg.com/images/g/hogAAOSw5cRZI9uS/s-l500.jpg
https://i.ebayimg.com/images/g/TQMAAOSwtGlZI9uU/s-l500.jpg
https://i.ebayimg.com/images/g/fl4AAOSw0hlZI9uW/s-l500.jpg
https://i.ebayimg.com/images/g/4B4AAOSwK6RZI9uZ/s-l500.jpg
https://i.ebayimg.com/images/g/nnYAAOSwY3BZI9ug/s-l500.jpg
https://i.ebayimg.com/images/g/yzwAAOSw-3FZI9ul/s-l500.jpg
https://i.ebayimg.com/images/g/unYAAOSwsXFZI9uw/s-l500.jpg
https://i.ebayimg.com/images/g/xIUAAOSww9xZI9u0/s-l500.jpg
https://i.ebayimg.com/images/g/6gwAAOSwX9FZI9u2/s-l500.jpg
","['\n\t\t\tColor: \n\t\t\t\t\t\t\n', 'Black', 'Blue', 'Green', 'Orange', 'Red', 'White', 'Yellow']",['\n\t\t\tColor: \n\t\t\t\t\t\t'],['70 sold'],"['Nov-18-18 16:45:26 PST', 'Nov-18-18 16:44:42 PST', 'Nov-15-18 17:54:31 PST', 'Nov-15-18 15:14:23 PST', 'Nov-15-18 12:20:30 PST', 'Nov-15-18 06:49:47 PST', 'Nov-14-18 15:39:40 PST', 'Nov-14-18 12:16:51 PST', 'Nov-13-18 16:13:51 PST', 'Nov-13-18 16:11:45 PST', 'Nov-13-18 10:06:39 PST', 'Nov-13-18 02:27:58 PST', 'Nov-12-18 22:54:26 PST', 'Nov-12-18 22:54:26 PST', 'Nov-11-18 09:19:22 PST', 'Nov-10-18 03:52:03 PST', 'Nov-08-18 02:43:08 PST', 'Nov-03-18 20:06:04 PDT', 'Nov-03-18 16:23:51 PDT', 'Nov-03-18 11:18:55 PDT', 'Nov-03-18 07:05:57 PDT', 'Nov-03-18 06:21:12 PDT', 'Nov-02-18 23:26:30 PDT', 'Nov-02-18 23:25:15 PDT', 'Nov-02-18 14:57:46 PDT', 'Nov-02-18 09:06:34 PDT', 'Nov-02-18 09:04:47 PDT', 'Nov-02-18 06:52:54 PDT', 'Nov-01-18 13:53:21 PDT', 'Oct-31-18 00:52:13 PDT', 'Oct-31-18 00:52:13 PDT', 'Oct-30-18 08:08:17 PDT', 'Oct-29-18 11:28:38 PDT', 'Oct-25-18 02:29:08 PDT', 'Oct-03-18 22:55:21 PDT', 'Sep-30-18 07:16:57 PDT', 'Sep-24-18 18:04:17 PDT', 'Sep-24-18 18:02:21 PDT', 'Sep-10-18 12:29:38 PDT', 'Sep-10-18 12:29:38 PDT', 'Aug-31-18 01:04:14 PDT', 'Aug-26-18 21:48:14 PDT', 'Aug-21-18 08:42:13 PDT', 'Aug-17-18 17:50:09 PDT', 'Aug-17-18 17:50:09 PDT', 'Aug-16-18 04:53:15 PDT', 'Aug-15-18 14:42:17 PDT', 'Aug-09-18 20:45:46 PDT', 'Aug-08-18 18:21:21 PDT', 'Aug-03-18 11:16:24 PDT', 'Aug-03-18 11:14:39 PDT', 'Aug-01-18 12:54:10 PDT', 'Jul-31-18 10:41:03 PDT', 'Jul-31-18 10:41:03 PDT', 'Jul-31-18 03:01:02 PDT', 'Jul-24-18 22:13:08 PDT', 'Jul-24-18 16:09:16 PDT']",Water Bottles & Cages
https://www.ebay.com/itm/Cotton-Bed-Fitted-Sheets-Full-Queen-Bedding-Cover-Set-Standard-Pillow-Cases/263661426880?hash=item3d637218c0:m:mqWgW-aCJNkRlGNzi-jEb7A&var=562777340094,['263661426880'],['US $9.99'],['Cotton Bed Fitted Sheets Full Queen Bedding Cover Set Standard Pillow Cases'],[],"https://i.ebayimg.com/images/g/VlsAAOSwIM9a0QGP/s-l500.jpg
https://i.ebayimg.com/images/g/7zAAAOSw8NNa1vxZ/s-l500.jpg
https://i.ebayimg.com/images/g/wlIAAOSwxfdazHBE/s-l500.jpg
https://i.ebayimg.com/images/g/sTEAAOSwx6pYtnvG/s-l500.jpg
https://i.ebayimg.com/images/g/vB0AAOSwhlZYtnvN/s-l500.jpg
https://i.ebayimg.com/images/g/ufMAAOSw2gxYtnuW/s-l500.jpg
https://i.ebayimg.com/images/g/kisAAOSwAghavaOo/s-l500.jpg
https://i.ebayimg.com/images/g/il4AAOSw~AVYtnu~/s-l500.jpg
https://i.ebayimg.com/images/g/NLwAAOSwax5Ytnu7/s-l500.jpg
https://i.ebayimg.com/images/g/J74AAOSwWxNYyVfv/s-l500.jpg
https://i.ebayimg.com/images/g/RgIAAOSwSlBYtnux/s-l500.jpg
https://i.ebayimg.com/images/g/3VEAAOSwuxFYtnu0/s-l500.jpg
https://i.ebayimg.com/images/g/UE8AAOSwYlRZGXUs/s-l500.jpg
https://i.ebayimg.com/images/g/kp0AAOSwBt5ZHiZK/s-l500.jpg
https://i.ebayimg.com/images/g/YywAAOSwfRdZGXUv/s-l500.jpg
https://i.ebayimg.com/images/g/ztoAAOSw~y9ZGXUc/s-l500.jpg
https://i.ebayimg.com/images/g/qbAAAOSwcgNZGXUg/s-l500.jpg
https://i.ebayimg.com/images/g/8nwAAOSwZKBZHiZe/s-l500.jpg
https://i.ebayimg.com/images/g/ZUwAAOSwAPVZGXUB/s-l500.jpg
https://i.ebayimg.com/images/g/hE8AAOSww9xZGXUi/s-l500.jpg
https://i.ebayimg.com/images/g/qhwAAOSwcgNZGXUm/s-l500.jpg
https://i.ebayimg.com/images/g/M4kAAOSwX61ZGXUE/s-l500.jpg
https://i.ebayimg.com/images/g/y-wAAOSwq1JZGXUM/s-l500.jpg
https://i.ebayimg.com/images/g/GwkAAOSw-3FZGXUR/s-l500.jpg
https://i.ebayimg.com/images/g/rO4AAOSw-K9ZGXUr/s-l500.jpg
https://i.ebayimg.com/images/g/VlsAAOSwIM9a0QGP/s-l500.jpg
https://i.ebayimg.com/images/g/7zAAAOSw8NNa1vxZ/s-l500.jpg
https://i.ebayimg.com/images/g/wlIAAOSwxfdazHBE/s-l500.jpg
https://i.ebayimg.com/images/g/sTEAAOSwx6pYtnvG/s-l500.jpg
https://i.ebayimg.com/images/g/vB0AAOSwhlZYtnvN/s-l500.jpg
https://i.ebayimg.com/images/g/ufMAAOSw2gxYtnuW/s-l500.jpg
https://i.ebayimg.com/images/g/kisAAOSwAghavaOo/s-l500.jpg
https://i.ebayimg.com/images/g/il4AAOSw~AVYtnu~/s-l500.jpg
https://i.ebayimg.com/images/g/NLwAAOSwax5Ytnu7/s-l500.jpg
https://i.ebayimg.com/images/g/J74AAOSwWxNYyVfv/s-l500.jpg
https://i.ebayimg.com/images/g/RgIAAOSwSlBYtnux/s-l500.jpg
https://i.ebayimg.com/images/g/3VEAAOSwuxFYtnu0/s-l500.jpg
https://i.ebayimg.com/images/g/UE8AAOSwYlRZGXUs/s-l500.jpg
https://i.ebayimg.com/images/g/kp0AAOSwBt5ZHiZK/s-l500.jpg
https://i.ebayimg.com/images/g/YywAAOSwfRdZGXUv/s-l500.jpg
https://i.ebayimg.com/images/g/ztoAAOSw~y9ZGXUc/s-l500.jpg
https://i.ebayimg.com/images/g/qbAAAOSwcgNZGXUg/s-l500.jpg
https://i.ebayimg.com/images/g/8nwAAOSwZKBZHiZe/s-l500.jpg
https://i.ebayimg.com/images/g/ZUwAAOSwAPVZGXUB/s-l500.jpg
https://i.ebayimg.com/images/g/hE8AAOSww9xZGXUi/s-l500.jpg
https://i.ebayimg.com/images/g/qhwAAOSwcgNZGXUm/s-l500.jpg
https://i.ebayimg.com/images/g/M4kAAOSwX61ZGXUE/s-l500.jpg
https://i.ebayimg.com/images/g/y-wAAOSwq1JZGXUM/s-l500.jpg
https://i.ebayimg.com/images/g/GwkAAOSw-3FZGXUR/s-l500.jpg
https://i.ebayimg.com/images/g/rO4AAOSw-K9ZGXUr/s-l500.jpg
","['Size:', 'Twin / Single Size（120 X 200 C...', 'Full / Double Size（150 X 200 C...', 'Queen / King Size（180 X 200 Cm...', '2Pcs Pillowcases(Insert Not In...', 'Color:', 'White', 'Green', 'Yellow', 'Grey', 'Orange', 'Coffee', 'Beige', 'Pink', 'Purple', 'Blue', 'Dark Blue', 'Dark Purple', 'Rose Red']","['\n\t\t\tSize: \n\t\t\t\t\t\t', 'Twin / Single Size（120 X 200 C...', 'Full / Double Size（150 X 200 C...', 'Queen / King Size（180 X 200 Cm...', '2Pcs Pillowcases(Insert Not In...']",['66 sold'],"['Nov-09-18 11:40:21 PST', 'Nov-08-18 03:02:13 PST', 'Nov-04-18 17:09:58 PST', 'Nov-02-18 07:03:53 PDT', 'Oct-27-18 11:02:57 PDT', 'Oct-27-18 11:02:57 PDT', 'Oct-23-18 07:38:24 PDT', 'Oct-18-18 20:58:23 PDT', 'Oct-13-18 17:56:39 PDT', 'Oct-10-18 07:38:06 PDT', 'Oct-08-18 18:35:38 PDT', 'Oct-08-18 07:15:13 PDT', 'Oct-05-18 08:25:55 PDT', 'Oct-05-18 08:25:55 PDT', 'Sep-29-18 13:32:18 PDT', 'Sep-29-18 07:00:54 PDT', 'Sep-28-18 08:47:32 PDT', 'Sep-27-18 11:52:12 PDT', 'Sep-26-18 21:47:06 PDT', 'Sep-26-18 17:17:26 PDT', 'Sep-26-18 17:17:26 PDT', 'Sep-26-18 16:30:04 PDT', 'Sep-26-18 09:56:09 PDT', 'Sep-26-18 09:42:24 PDT', 'Sep-25-18 17:43:16 PDT', 'Sep-24-18 11:20:59 PDT', 'Sep-22-18 11:46:56 PDT', 'Sep-20-18 06:43:03 PDT', 'Sep-19-18 18:27:53 PDT', 'Sep-18-18 10:58:02 PDT', 'Sep-18-18 08:57:15 PDT', 'Sep-17-18 00:55:54 PDT', 'Sep-17-18 00:55:54 PDT', 'Sep-16-18 10:25:26 PDT', 'Sep-16-18 05:10:48 PDT', 'Sep-15-18 12:10:48 PDT', 'Sep-15-18 12:10:48 PDT', 'Sep-12-18 14:31:09 PDT', 'Sep-08-18 14:22:18 PDT', 'Sep-07-18 19:39:07 PDT', 'Sep-05-18 11:25:30 PDT', 'Sep-05-18 10:54:58 PDT', 'Sep-05-18 05:25:26 PDT', 'Sep-05-18 02:27:50 PDT', 'Sep-03-18 23:03:00 PDT', 'Aug-30-18 19:02:55 PDT', 'Aug-29-18 21:52:03 PDT', 'Aug-27-18 16:08:19 PDT', 'Aug-05-18 13:29:45 PDT', 'Aug-05-18 09:58:09 PDT']",Duvet Covers & Sets
https://www.ebay.com/itm/Women-Long-Sleeve-Loose-Chiffon-Blouse-Casual-Shirt-Lace-Tops-Black-White/264022926478?epid=2119783649&hash=item3d78fe248e:m:mY1I9saV17X_5OQxgm-jzBg&var=563556400312,[],['US $6.69'],['Women Long Sleeve Loose Chiffon Blouse Casual Shirt Lace Tops Black/White'],[],"https://i.ebayimg.com/images/g/arcAAOSwmfhX4PvA/s-l500.jpg
https://i.ebayimg.com/images/g/iFoAAOSwmLlX4PvK/s-l500.jpg
https://i.ebayimg.com/images/g/vhcAAOSwOyJX4PvQ/s-l500.jpg
https://i.ebayimg.com/images/g/F3MAAOSwAuZX4PvW/s-l500.jpg
https://i.ebayimg.com/images/g/TgoAAOSwCGVX4Pvf/s-l500.jpg
https://i.ebayimg.com/images/g/sqEAAOSwLF1X4Pvj/s-l500.jpg
https://i.ebayimg.com/images/g/o3EAAOSwLnBX4Pvn/s-l500.jpg
https://i.ebayimg.com/images/g/~kAAAOSwYIxX4Pvq/s-l500.jpg
https://i.ebayimg.com/images/g/nNoAAOSwAuZX4Ony/s-l500.jpg
https://i.ebayimg.com/images/g/v5wAAOSwOyJX4On6/s-l500.jpg
https://i.ebayimg.com/images/g/arcAAOSwmfhX4PvA/s-l500.jpg
https://i.ebayimg.com/images/g/iFoAAOSwmLlX4PvK/s-l500.jpg
https://i.ebayimg.com/images/g/vhcAAOSwOyJX4PvQ/s-l500.jpg
https://i.ebayimg.com/images/g/F3MAAOSwAuZX4PvW/s-l500.jpg
https://i.ebayimg.com/images/g/TgoAAOSwCGVX4Pvf/s-l500.jpg
https://i.ebayimg.com/images/g/sqEAAOSwLF1X4Pvj/s-l500.jpg
https://i.ebayimg.com/images/g/o3EAAOSwLnBX4Pvn/s-l500.jpg
https://i.ebayimg.com/images/g/~kAAAOSwYIxX4Pvq/s-l500.jpg
https://i.ebayimg.com/images/g/nNoAAOSwAuZX4Ony/s-l500.jpg
https://i.ebayimg.com/images/g/v5wAAOSwOyJX4On6/s-l500.jpg
","['Color:', 'Black', 'White', 'Size:', 'S', 'M', 'L', 'XL', 'XXL']","['\n\t\t\tColor: \n\t\t\t\t\t\t', 'Black', 'White']",[],[],Tops
https://www.ebay.com/itm/100pcs-4-Sizes-Plastic-Thank-You-Cookie-Package-Candy-Bag-Self-Adhesive/263666373813?hash=item3d63bd94b5:m:m_pAmSZCcKGn8AAPpILXDFA&var=562786870408,['263666373813'],['US $4.15'],['100pcs   4 Sizes Plastic Thank You Cookie Package Candy Bag Self-Adhesive'],[],"https://i.ebayimg.com/images/g/-D0AAOSw~iRZmj4t/s-l500.jpg
https://i.ebayimg.com/images/g/zTUAAOSwVRpZmj4y/s-l500.jpg
https://i.ebayimg.com/images/g/zfkAAOSwefVZmj43/s-l500.jpg
https://i.ebayimg.com/images/g/yLwAAOSwvOdZmj47/s-l500.jpg
https://i.ebayimg.com/images/g/zWcAAOSwVRpZmj5B/s-l500.jpg
https://i.ebayimg.com/images/g/yOgAAOSwvOdZmj5F/s-l500.jpg
https://i.ebayimg.com/images/g/egAAAOSwRqBZmj5J/s-l500.jpg
https://i.ebayimg.com/images/g/9tcAAOSwH-9Zmj5O/s-l500.jpg
https://i.ebayimg.com/images/g/HUEAAOSwr2ZZmj5S/s-l500.jpg
https://i.ebayimg.com/images/g/IFMAAOSwAk9Zmj5V/s-l500.jpg
https://i.ebayimg.com/images/g/-JoAAOSw1xhZmj5Z/s-l500.jpg
https://i.ebayimg.com/images/g/-D0AAOSw~iRZmj4t/s-l500.jpg
https://i.ebayimg.com/images/g/zTUAAOSwVRpZmj4y/s-l500.jpg
https://i.ebayimg.com/images/g/zfkAAOSwefVZmj43/s-l500.jpg
https://i.ebayimg.com/images/g/yLwAAOSwvOdZmj47/s-l500.jpg
https://i.ebayimg.com/images/g/zWcAAOSwVRpZmj5B/s-l500.jpg
https://i.ebayimg.com/images/g/yOgAAOSwvOdZmj5F/s-l500.jpg
https://i.ebayimg.com/images/g/egAAAOSwRqBZmj5J/s-l500.jpg
https://i.ebayimg.com/images/g/9tcAAOSwH-9Zmj5O/s-l500.jpg
https://i.ebayimg.com/images/g/HUEAAOSwr2ZZmj5S/s-l500.jpg
https://i.ebayimg.com/images/g/IFMAAOSwAk9Zmj5V/s-l500.jpg
https://i.ebayimg.com/images/g/-JoAAOSw1xhZmj5Z/s-l500.jpg
","['\n\t\t\tsize: \n\t\t\t\t\t\t\n', '5.5x5.5cm', '7x7cm', '10x10cm', '14x14cm']",['\n\t\t\tsize: \n\t\t\t\t\t\t'],['11 sold'],"['Oct-30-18 05:37:58 PDT', 'Aug-19-18 05:22:28 PDT']",Gift Bags
https://www.ebay.com/itm/DIY-32-Style-Flower-Icing-Piping-Nozzles-Tip-Pastry-Cake-Baking-Decorating-Tools/264021175838?hash=item3d78e36e1e:m:mIiWjagniqHrY8ZGZqEED4Q&var=563554124612,['264021175838'],['US $3.99'],['DIY 32 Style Flower Icing Piping Nozzles Tip Pastry Cake Baking Decorating Tools'],[],"https://i.ebayimg.com/images/g/a~sAAOSwEzxYdc5r/s-l500.jpg
https://i.ebayimg.com/images/g/BzMAAOSwepZXS~qV/s-l500.jpg
https://i.ebayimg.com/images/g/OEkAAOSwR5dXS~qc/s-l500.jpg
https://i.ebayimg.com/images/g/8okAAOSwie5XS~qk/s-l500.jpg
https://i.ebayimg.com/images/g/ogsAAOSwQaJXS~qr/s-l500.jpg
https://i.ebayimg.com/images/g/88EAAOSwie5XS~qx/s-l500.jpg
https://i.ebayimg.com/images/g/9EwAAOSwOtBXS~q9/s-l500.jpg
https://i.ebayimg.com/images/g/-ScAAOSwY0lXS~rE/s-l500.jpg
https://i.ebayimg.com/images/g/al4AAOSw0gdXS~rI/s-l500.jpg
https://i.ebayimg.com/images/g/9koAAOSwOtBXS~rN/s-l500.jpg
https://i.ebayimg.com/images/g/-0sAAOSwY0lXS~rW/s-l500.jpg
https://i.ebayimg.com/images/g/0~UAAOSw6btXS~rf/s-l500.jpg
https://i.ebayimg.com/images/g/~VIAAOSwY0lXS~rp/s-l500.jpg
https://i.ebayimg.com/images/g/qY4AAOSwQaJXS~rt/s-l500.jpg
https://i.ebayimg.com/images/g/cCoAAOSw0gdXS~ry/s-l500.jpg
https://i.ebayimg.com/images/g/axoAAOSw3ihXS~r1/s-l500.jpg
https://i.ebayimg.com/images/g/JeYAAOSwwIZXS~1f/s-l500.jpg
https://i.ebayimg.com/images/g/tVgAAOSwdsFXS~1n/s-l500.jpg
https://i.ebayimg.com/images/g/OlQAAOSwwIZXS~5J/s-l500.jpg
https://i.ebayimg.com/images/g/jZ4AAOSw7ehXS~5N/s-l500.jpg
https://i.ebayimg.com/images/g/IKMAAOSw6btXS~5Q/s-l500.jpg
https://i.ebayimg.com/images/g/XTYAAOSwepZXS~5V/s-l500.jpg
https://i.ebayimg.com/images/g/rKsAAOSwNsdXS~5a/s-l500.jpg
https://i.ebayimg.com/images/g/R8IAAOSwY0lXS~5e/s-l500.jpg
https://i.ebayimg.com/images/g/UhwAAOSwY0lXS~7U/s-l500.jpg
https://i.ebayimg.com/images/g/xfoAAOSwGjpXS~7c/s-l500.jpg
https://i.ebayimg.com/images/g/uUgAAOSwNsdXS~7h/s-l500.jpg
https://i.ebayimg.com/images/g/KG0AAOSwMHdXS~7k/s-l500.jpg
https://i.ebayimg.com/images/g/U9IAAOSwY0lXS~7n/s-l500.jpg
https://i.ebayimg.com/images/g/cuUAAOSwepZXS~84/s-l500.jpg
https://i.ebayimg.com/images/g/z94AAOSwGjpXS~87/s-l500.jpg
https://i.ebayimg.com/images/g/Zw8AAOSwie5XS~8-/s-l500.jpg
https://i.ebayimg.com/images/g/f-4AAOSwOtBXTABK/s-l500.jpg
https://i.ebayimg.com/images/g/OAUAAOSwawpXtsBc/s-l500.jpg
https://i.ebayimg.com/images/g/it4AAOSwHoFXtsBh/s-l500.jpg
https://i.ebayimg.com/images/g/32sAAOSw6n5XtsMv/s-l500.jpg
https://i.ebayimg.com/images/g/kcIAAOSwZVlXtsBe/s-l500.jpg
https://i.ebayimg.com/images/g/2DoAAOSwIgNXtsBm/s-l500.jpg
https://i.ebayimg.com/images/g/ttoAAOSwZVlXtsHr/s-l500.jpg
https://i.ebayimg.com/images/g/a~sAAOSwEzxYdc5r/s-l500.jpg
https://i.ebayimg.com/images/g/BzMAAOSwepZXS~qV/s-l500.jpg
https://i.ebayimg.com/images/g/OEkAAOSwR5dXS~qc/s-l500.jpg
https://i.ebayimg.com/images/g/8okAAOSwie5XS~qk/s-l500.jpg
https://i.ebayimg.com/images/g/ogsAAOSwQaJXS~qr/s-l500.jpg
https://i.ebayimg.com/images/g/88EAAOSwie5XS~qx/s-l500.jpg
https://i.ebayimg.com/images/g/9EwAAOSwOtBXS~q9/s-l500.jpg
https://i.ebayimg.com/images/g/-ScAAOSwY0lXS~rE/s-l500.jpg
https://i.ebayimg.com/images/g/al4AAOSw0gdXS~rI/s-l500.jpg
https://i.ebayimg.com/images/g/9koAAOSwOtBXS~rN/s-l500.jpg
https://i.ebayimg.com/images/g/-0sAAOSwY0lXS~rW/s-l500.jpg
https://i.ebayimg.com/images/g/0~UAAOSw6btXS~rf/s-l500.jpg
https://i.ebayimg.com/images/g/~VIAAOSwY0lXS~rp/s-l500.jpg
https://i.ebayimg.com/images/g/qY4AAOSwQaJXS~rt/s-l500.jpg
https://i.ebayimg.com/images/g/cCoAAOSw0gdXS~ry/s-l500.jpg
https://i.ebayimg.com/images/g/axoAAOSw3ihXS~r1/s-l500.jpg
https://i.ebayimg.com/images/g/JeYAAOSwwIZXS~1f/s-l500.jpg
https://i.ebayimg.com/images/g/tVgAAOSwdsFXS~1n/s-l500.jpg
https://i.ebayimg.com/images/g/OlQAAOSwwIZXS~5J/s-l500.jpg
https://i.ebayimg.com/images/g/jZ4AAOSw7ehXS~5N/s-l500.jpg
https://i.ebayimg.com/images/g/IKMAAOSw6btXS~5Q/s-l500.jpg
https://i.ebayimg.com/images/g/XTYAAOSwepZXS~5V/s-l500.jpg
https://i.ebayimg.com/images/g/rKsAAOSwNsdXS~5a/s-l500.jpg
https://i.ebayimg.com/images/g/R8IAAOSwY0lXS~5e/s-l500.jpg
https://i.ebayimg.com/images/g/UhwAAOSwY0lXS~7U/s-l500.jpg
https://i.ebayimg.com/images/g/xfoAAOSwGjpXS~7c/s-l500.jpg
https://i.ebayimg.com/images/g/uUgAAOSwNsdXS~7h/s-l500.jpg
https://i.ebayimg.com/images/g/KG0AAOSwMHdXS~7k/s-l500.jpg
https://i.ebayimg.com/images/g/U9IAAOSwY0lXS~7n/s-l500.jpg
https://i.ebayimg.com/images/g/cuUAAOSwepZXS~84/s-l500.jpg
https://i.ebayimg.com/images/g/z94AAOSwGjpXS~87/s-l500.jpg
https://i.ebayimg.com/images/g/Zw8AAOSwie5XS~8-/s-l500.jpg
https://i.ebayimg.com/images/g/f-4AAOSwOtBXTABK/s-l500.jpg
https://i.ebayimg.com/images/g/OAUAAOSwawpXtsBc/s-l500.jpg
https://i.ebayimg.com/images/g/it4AAOSwHoFXtsBh/s-l500.jpg
https://i.ebayimg.com/images/g/32sAAOSw6n5XtsMv/s-l500.jpg
https://i.ebayimg.com/images/g/kcIAAOSwZVlXtsBe/s-l500.jpg
https://i.ebayimg.com/images/g/2DoAAOSwIgNXtsBm/s-l500.jpg
https://i.ebayimg.com/images/g/ttoAAOSwZVlXtsHr/s-l500.jpg
","['\n\t\t\tStyle: \n\t\t\t\t\t\t\n', '1#', '2#', '3#', '4#', '5#', '10#', '11#', '12#', '13#', '14#', '15#', '81#', '82#', '83#', '84#', '85#', '86#', '87#', '88#', '89#', '90#', '91#', '92#', '93#', '94#', '95#', '96#', '97#', '98#', '99#', '100#', '101#', 'Green-Converter', 'Purple-Converter']",['\n\t\t\tStyle: \n\t\t\t\t\t\t'],[],[],Other Baking Accessories
https://www.ebay.com/itm/Women-Autumn-Slit-Knitted-Long-Sweater-Bodycon-Sexy-Pencil-Dress/264022906939?hash=item3d78fdd83b:m:mPeHkIrpULSdMlqNoJ5B78g&var=563556360771,['264022906939'],['US $17.21'],['Women Autumn Slit Knitted Long Sweater Bodycon Sexy Pencil Dress'],[],"https://i.ebayimg.com/images/g/JqwAAOSwLnBX6O6g/s-l500.jpg
https://i.ebayimg.com/images/g/cx8AAOSwLF1X6O6j/s-l500.jpg
https://i.ebayimg.com/images/g/4jIAAOSwNRdX6O6o/s-l500.jpg
https://i.ebayimg.com/images/g/7UUAAOSwmLlX6O6r/s-l500.jpg
https://i.ebayimg.com/images/g/JqwAAOSwLnBX6O6g/s-l500.jpg
https://i.ebayimg.com/images/g/cx8AAOSwLF1X6O6j/s-l500.jpg
https://i.ebayimg.com/images/g/4jIAAOSwNRdX6O6o/s-l500.jpg
https://i.ebayimg.com/images/g/7UUAAOSwmLlX6O6r/s-l500.jpg
","['\n\t\t\tSize: \n\t\t\t\t\t\t\n', 'S', 'M', 'L', 'XL']",['\n\t\t\tSize: \n\t\t\t\t\t\t'],[],[],Dresses
https://www.ebay.com/itm/Womens-Fashion-Comfy-Flats-Casual-Slip-on-Pumps-Shoes-Loafers-Pedal-Lazy-Shoes/264022794919?hash=item3d78fc22a7:m:mAj_Is-_oEhAx7G_UpYVb1A&var=563556255179,['264022794919'],['US $12.99'],['Womens Fashion Comfy Flats Casual Slip on Pumps Shoes Loafers Pedal Lazy Shoes'],[],"https://i.ebayimg.com/images/g/9QwAAOSw4shX7dT6/s-l500.jpg
https://i.ebayimg.com/images/g/GIEAAOSwmfhX7dT9/s-l500.jpg
https://i.ebayimg.com/images/g/hf0AAOSwpLNX7dUC/s-l500.jpg
https://i.ebayimg.com/images/g/DBYAAOSwTA9X7dUE/s-l500.jpg
https://i.ebayimg.com/images/g/B5IAAOSwPCVX7dUG/s-l500.jpg
https://i.ebayimg.com/images/g/B-0AAOSwPCVX7dUJ/s-l500.jpg
https://i.ebayimg.com/images/g/DTgAAOSwTA9X7dUL/s-l500.jpg
https://i.ebayimg.com/images/g/99gAAOSw4shX7dUO/s-l500.jpg
https://i.ebayimg.com/images/g/VfIAAOSwmLlX7dUQ/s-l500.jpg
https://i.ebayimg.com/images/g/DjgAAOSwTA9X7dUT/s-l500.jpg
https://i.ebayimg.com/images/g/9QwAAOSw4shX7dT6/s-l500.jpg
https://i.ebayimg.com/images/g/GIEAAOSwmfhX7dT9/s-l500.jpg
https://i.ebayimg.com/images/g/hf0AAOSwpLNX7dUC/s-l500.jpg
https://i.ebayimg.com/images/g/DBYAAOSwTA9X7dUE/s-l500.jpg
https://i.ebayimg.com/images/g/B5IAAOSwPCVX7dUG/s-l500.jpg
https://i.ebayimg.com/images/g/B-0AAOSwPCVX7dUJ/s-l500.jpg
https://i.ebayimg.com/images/g/DTgAAOSwTA9X7dUL/s-l500.jpg
https://i.ebayimg.com/images/g/99gAAOSw4shX7dUO/s-l500.jpg
https://i.ebayimg.com/images/g/VfIAAOSwmLlX7dUQ/s-l500.jpg
https://i.ebayimg.com/images/g/DjgAAOSwTA9X7dUT/s-l500.jpg
","['Color:', 'Leopard', 'Gray', 'Size:', 'US4/UK2/EU35', 'US5/UK3/EU36', 'US8/UK6/EU39']","['\n\t\t\tColor: \n\t\t\t\t\t\t', 'Leopard', 'Gray']",[],[],Flats
https://www.ebay.com/itm/Black-White-Vortex-Soft-Yoga-Mat-Area-Rug-Floor-Bathmat-Round-Rug-Nonslip-Carpet/264022679156?hash=item3d78fa5e74:m:mKZK_SQCvRM3zqNLBVX7nEg&var=563556123922,['264022679156'],['US $17.99'],['Black White Vortex Soft Yoga Mat Area Rug Floor Bathmat Round Rug Nonslip Carpet'],[],"https://i.ebayimg.com/images/g/pHwAAOSwjQ9bUUUJ/s-l500.jpg
https://i.ebayimg.com/images/g/2~QAAOSwf31bUUUA/s-l500.jpg
https://i.ebayimg.com/images/g/ny8AAOSwuwBbUUUR/s-l500.jpg
https://i.ebayimg.com/images/g/CtQAAOSwTQtaTY4f/s-l500.jpg
https://i.ebayimg.com/images/g/brEAAOSwK1xbTZfg/s-l500.jpg
https://i.ebayimg.com/images/g/pHwAAOSwjQ9bUUUJ/s-l500.jpg
https://i.ebayimg.com/images/g/2~QAAOSwf31bUUUA/s-l500.jpg
https://i.ebayimg.com/images/g/ny8AAOSwuwBbUUUR/s-l500.jpg
https://i.ebayimg.com/images/g/CtQAAOSwTQtaTY4f/s-l500.jpg
https://i.ebayimg.com/images/g/brEAAOSwK1xbTZfg/s-l500.jpg
","['\n\t\t\tSize: \n\t\t\t\t\t\t\n', 'Diameter 39""(100cm)', 'Diameter 23.5""(60cm)', 'Diameter 31.5""(80cm)', 'Diameter 47""(120cm)']",['\n\t\t\tSize: \n\t\t\t\t\t\t'],[],[],Area Rugs
https://www.ebay.com/itm/Hot-Fashion-Chic-Women-Girls-Candy-Colours-Denim-Shorts-Jeans-Pants-Size-30/264022908000?epid=2119776249&hash=item3d78fddc60:m:mJR5Bysjk-RrkLMag9V9oxg&var=563556361906,[],['US $6.79'],['Hot Fashion Chic Women Girls Candy Colours Denim Shorts Jeans Pants Size 30'],[],"https://i.ebayimg.com/images/g/1VkAAOSwQupXXPyH/s-l500.jpg
https://i.ebayimg.com/images/g/PisAAOSw9eVXXPyO/s-l500.jpg
https://i.ebayimg.com/images/g/PoIAAOSw9eVXXPyU/s-l500.jpg
https://i.ebayimg.com/images/g/PoIAAOSw9eVXXPyU/s-l500.jpg
https://i.ebayimg.com/images/g/1VkAAOSwQupXXPyH/s-l500.jpg
https://i.ebayimg.com/images/g/PisAAOSw9eVXXPyO/s-l500.jpg
https://i.ebayimg.com/images/g/PoIAAOSw9eVXXPyU/s-l500.jpg
https://i.ebayimg.com/images/g/PoIAAOSw9eVXXPyU/s-l500.jpg
","['\n\t\t\tColor: \n\t\t\t\t\t\t\n', 'Yellow', 'Sky blue', 'Red', 'Sapphire blue']",['\n\t\t\tColor: \n\t\t\t\t\t\t'],[],[],Shorts
https://www.ebay.com/itm/Womens-Backless-V-Neck-Beach-Overalls-Striped-Floral-Jumpsuit-Playsuit-Romper/264021172829?hash=item3d78e3625d:m:mmqE94HMOGk3APn3v_6msQA&var=563554121437,['264021172829'],['US $18.74'],['Womens Backless V Neck Beach Overalls Striped Floral Jumpsuit Playsuit Romper'],[],"https://i.ebayimg.com/images/g/5zcAAOSwNuxXZPbN/s-l500.jpg
https://i.ebayimg.com/images/g/vN0AAOSwzJ5XZPa4/s-l500.jpg
https://i.ebayimg.com/images/g/6S0AAOSwM4xXZPa9/s-l500.jpg
https://i.ebayimg.com/images/g/vc0AAOSwzJ5XZPbD/s-l500.jpg
https://i.ebayimg.com/images/g/w0oAAOSw3YNXZPbH/s-l500.jpg
https://i.ebayimg.com/images/g/5zcAAOSwNuxXZPbN/s-l500.jpg
https://i.ebayimg.com/images/g/vN0AAOSwzJ5XZPa4/s-l500.jpg
https://i.ebayimg.com/images/g/6S0AAOSwM4xXZPa9/s-l500.jpg
https://i.ebayimg.com/images/g/vc0AAOSwzJ5XZPbD/s-l500.jpg
https://i.ebayimg.com/images/g/w0oAAOSw3YNXZPbH/s-l500.jpg
","['\n\t\t\tSize: \n\t\t\t\t\t\t\n', 'S', 'M', 'L', 'XL']",['\n\t\t\tSize: \n\t\t\t\t\t\t'],[],[],Jumpsuits & Rompers
https://www.ebay.com/itm/Women-Button-Sleeveless-Bodycon-Overalls-Jumpsuit-Playsuit-Romper-Shorts-Pants/264021174178?hash=item3d78e367a2:m:mNpUfofK6tlkRX_l3--53Eg&var=563554122859,['264021174178'],['US $16.69'],['Women Button Sleeveless Bodycon Overalls Jumpsuit  Playsuit Romper Shorts Pants'],[],"https://i.ebayimg.com/images/g/i8wAAOSwvg9XUpkT/s-l500.jpg
https://i.ebayimg.com/images/g/vzMAAOSwnFZXUpkX/s-l500.jpg
https://i.ebayimg.com/images/g/v6IAAOSwnFZXUpkb/s-l500.jpg
https://i.ebayimg.com/images/g/2uQAAOSwbYZXUpkd/s-l500.jpg
https://i.ebayimg.com/images/g/u3gAAOSwmtJXUpk-/s-l500.jpg
https://i.ebayimg.com/images/g/qloAAOSwuhhXUplE/s-l500.jpg
https://i.ebayimg.com/images/g/7asAAOSwtJZXUplH/s-l500.jpg
https://i.ebayimg.com/images/g/kO4AAOSwvg9XUplM/s-l500.jpg
https://i.ebayimg.com/images/g/vR4AAOSwmtJXUplP/s-l500.jpg
https://i.ebayimg.com/images/g/-~gAAOSwzJ5XUplt/s-l500.jpg
https://i.ebayimg.com/images/g/42QAAOSwbYZXUply/s-l500.jpg
https://i.ebayimg.com/images/g/tJ0AAOSwnNBXUpl1/s-l500.jpg
https://i.ebayimg.com/images/g/i8wAAOSwvg9XUpkT/s-l500.jpg
https://i.ebayimg.com/images/g/vzMAAOSwnFZXUpkX/s-l500.jpg
https://i.ebayimg.com/images/g/v6IAAOSwnFZXUpkb/s-l500.jpg
https://i.ebayimg.com/images/g/2uQAAOSwbYZXUpkd/s-l500.jpg
https://i.ebayimg.com/images/g/u3gAAOSwmtJXUpk-/s-l500.jpg
https://i.ebayimg.com/images/g/qloAAOSwuhhXUplE/s-l500.jpg
https://i.ebayimg.com/images/g/7asAAOSwtJZXUplH/s-l500.jpg
https://i.ebayimg.com/images/g/kO4AAOSwvg9XUplM/s-l500.jpg
https://i.ebayimg.com/images/g/vR4AAOSwmtJXUplP/s-l500.jpg
https://i.ebayimg.com/images/g/-~gAAOSwzJ5XUplt/s-l500.jpg
https://i.ebayimg.com/images/g/42QAAOSwbYZXUply/s-l500.jpg
https://i.ebayimg.com/images/g/tJ0AAOSwnNBXUpl1/s-l500.jpg
","['Main Colour:', 'White', 'Green', 'Black', 'Blue', 'Wine Red', 'Size:', 'S', 'M', 'L', 'XL']","['\n\t\t\tMain Colour: \n\t\t\t\t\t\t', 'White', 'Green', 'Black', 'Blue', 'Wine Red']",[],[],Jumpsuits & Rompers
https://www.ebay.com/itm/Women-Cocktail-Clubwear-Party-High-Waisted-Long-Sleeve-Bodycon-Bandage-Dress-M-L/264022913899?hash=item3d78fdf36b:m:mNHYfjlWMn84rHOOFT8pljA&var=563556368167,['264022913899'],['US $11.15'],['Women Cocktail Clubwear Party High Waisted Long Sleeve Bodycon Bandage Dress M L'],[],"https://i.ebayimg.com/images/g/deAAAOSw8w1X5iqx/s-l500.jpg
https://i.ebayimg.com/images/g/ygQAAOSwPCVX5iq0/s-l500.jpg
https://i.ebayimg.com/images/g/O7YAAOSwNRdX5iq3/s-l500.jpg
https://i.ebayimg.com/images/g/PKsAAOSwNRdX5iq8/s-l500.jpg
https://i.ebayimg.com/images/g/deAAAOSw8w1X5iqx/s-l500.jpg
https://i.ebayimg.com/images/g/ygQAAOSwPCVX5iq0/s-l500.jpg
https://i.ebayimg.com/images/g/O7YAAOSwNRdX5iq3/s-l500.jpg
https://i.ebayimg.com/images/g/PKsAAOSwNRdX5iq8/s-l500.jpg
","['\n\t\t\tSize: \n\t\t\t\t\t\t\n', 'M', 'L']",['\n\t\t\tSize: \n\t\t\t\t\t\t'],[],[],Dresses
https://www.ebay.com/itm/1-PC-Fishing-Lure-7-Section-Jointed-Multi-Minnow-Swimbait-Crankbait-Tackle-Hooks/263658931741?epid=4017980614&hash=item3d634c061d:g:jMYAAOSwmCVY-FC7,[],['US $6.76'],['1 PC Fishing Lure 7-Section Jointed Multi Minnow Swimbait Crankbait Tackle Hooks'],[],"https://i.ebayimg.com/images/g/jMYAAOSwmCVY-FC7/s-l500.jpg
https://i.ebayimg.com/images/g/KBQAAOSwtZJY-FC7/s-l500.jpg
https://i.ebayimg.com/images/g/ci8AAOSwN6JY-FC8/s-l500.jpg
https://i.ebayimg.com/images/g/fXgAAOSwWWxY-FC8/s-l500.jpg
https://i.ebayimg.com/images/g/jE8AAOSw53NY-FC9/s-l500.jpg
https://i.ebayimg.com/images/g/uKUAAOSwE0JY-FC~/s-l500.jpg
https://i.ebayimg.com/images/g/VPMAAOSwzqFY-FDX/s-l500.jpg
https://i.ebayimg.com/images/g/Ug4AAOSwzqFY-FC7/s-l500.jpg
https://i.ebayimg.com/images/g/XTcAAOSwkShY-FDC/s-l500.jpg
https://i.ebayimg.com/images/g/jMYAAOSwmCVY-FC7/s-l500.jpg
https://i.ebayimg.com/images/g/KBQAAOSwtZJY-FC7/s-l500.jpg
https://i.ebayimg.com/images/g/ci8AAOSwN6JY-FC8/s-l500.jpg
https://i.ebayimg.com/images/g/fXgAAOSwWWxY-FC8/s-l500.jpg
https://i.ebayimg.com/images/g/jE8AAOSw53NY-FC9/s-l500.jpg
https://i.ebayimg.com/images/g/uKUAAOSwE0JY-FC~/s-l500.jpg
https://i.ebayimg.com/images/g/VPMAAOSwzqFY-FDX/s-l500.jpg
https://i.ebayimg.com/images/g/Ug4AAOSwzqFY-FC7/s-l500.jpg
https://i.ebayimg.com/images/g/XTcAAOSwkShY-FDC/s-l500.jpg
",[],['Quantity:'],['7 sold'],"['Aug-10-18 18:49:20 PDT', 'Jul-29-18 11:48:58 PDT']","<a title=""See more 1pc 7-section Multi Jointed Fishing Lure Swimbait Minnow Crankbait Tackle Hooks a"" href=""https://www.ebay.com/p/1pc-7-section-Multi-Jointed-Fishing-Lure-Swimbait-Minnow-Crankbait-Tackle-Hooks-a/4017980614?_trksid=p2047675.l2644"">See more 1pc 7-section Multi Jointed Fishing Lure Swimb...</a>"
https://www.ebay.com/itm/Geometric-Printed-Polyester-Throw-Pillow-Cases-Sofa-Cushion-Cover-Home-Decor/263666606550?hash=item3d63c121d6:m:mJ71G20yi5uyeik-KfclRcg&var=562787321656,['263666606550'],['US $5.18'],['Geometric Printed Polyester Throw Pillow Cases Sofa Cushion Cover Home Decor'],[],"https://i.ebayimg.com/images/g/RyUAAOSwcjhaoic8/s-l500.jpg
https://i.ebayimg.com/images/g/J6MAAOSwE0Zaoic-/s-l500.jpg
https://i.ebayimg.com/images/g/P7wAAOSw-btaoidA/s-l500.jpg
https://i.ebayimg.com/images/g/1Z0AAOSwOtVaoidC/s-l500.jpg
https://i.ebayimg.com/images/g/J74AAOSwE0ZaoidD/s-l500.jpg
https://i.ebayimg.com/images/g/SgQAAOSwBDlaoidF/s-l500.jpg
https://i.ebayimg.com/images/g/FnEAAOSwxwRaoidH/s-l500.jpg
https://i.ebayimg.com/images/g/ZEEAAOSwikdaoidI/s-l500.jpg
https://i.ebayimg.com/images/g/RJoAAOSw~P9aoidK/s-l500.jpg
https://i.ebayimg.com/images/g/EFUAAOSwIxxaoidM/s-l500.jpg
https://i.ebayimg.com/images/g/9mAAAOSwrXdaoidO/s-l500.jpg
https://i.ebayimg.com/images/g/vukAAOSw1utaoidP/s-l500.jpg
https://i.ebayimg.com/images/g/KxwAAOSwMqVaoigV/s-l500.jpg
https://i.ebayimg.com/images/g/XT0AAOSw17paoiga/s-l500.jpg
https://i.ebayimg.com/images/g/ykMAAOSw7wxaoigc/s-l500.jpg
https://i.ebayimg.com/images/g/mg8AAOSwDTNaoigg/s-l500.jpg
https://i.ebayimg.com/images/g/~iYAAOSwsTdaoigj/s-l500.jpg
https://i.ebayimg.com/images/g/Sp0AAOSwmOdaoigm/s-l500.jpg
https://i.ebayimg.com/images/g/LgIAAOSwEHhaoigo/s-l500.jpg
https://i.ebayimg.com/images/g/PaQAAOSwdRpaoigs/s-l500.jpg
https://i.ebayimg.com/images/g/tcMAAOSwKJFaoigz/s-l500.jpg
https://i.ebayimg.com/images/g/MY0AAOSwAwFaoig1/s-l500.jpg
https://i.ebayimg.com/images/g/~kQAAOSwyXFaoig5/s-l500.jpg
https://i.ebayimg.com/images/g/jOoAAOSwhktaoig9/s-l500.jpg
https://i.ebayimg.com/images/g/o8UAAOSwepZaoihA/s-l500.jpg
https://i.ebayimg.com/images/g/VYcAAOSwnCxaoihE/s-l500.jpg
https://i.ebayimg.com/images/g/SzwAAOSwmOdaoihH/s-l500.jpg
https://i.ebayimg.com/images/g/tpUAAOSwKJFaoiho/s-l500.jpg
https://i.ebayimg.com/images/g/RyUAAOSwcjhaoic8/s-l500.jpg
https://i.ebayimg.com/images/g/J6MAAOSwE0Zaoic-/s-l500.jpg
https://i.ebayimg.com/images/g/P7wAAOSw-btaoidA/s-l500.jpg
https://i.ebayimg.com/images/g/1Z0AAOSwOtVaoidC/s-l500.jpg
https://i.ebayimg.com/images/g/J74AAOSwE0ZaoidD/s-l500.jpg
https://i.ebayimg.com/images/g/SgQAAOSwBDlaoidF/s-l500.jpg
https://i.ebayimg.com/images/g/FnEAAOSwxwRaoidH/s-l500.jpg
https://i.ebayimg.com/images/g/ZEEAAOSwikdaoidI/s-l500.jpg
https://i.ebayimg.com/images/g/RJoAAOSw~P9aoidK/s-l500.jpg
https://i.ebayimg.com/images/g/EFUAAOSwIxxaoidM/s-l500.jpg
https://i.ebayimg.com/images/g/9mAAAOSwrXdaoidO/s-l500.jpg
https://i.ebayimg.com/images/g/vukAAOSw1utaoidP/s-l500.jpg
https://i.ebayimg.com/images/g/KxwAAOSwMqVaoigV/s-l500.jpg
https://i.ebayimg.com/images/g/XT0AAOSw17paoiga/s-l500.jpg
https://i.ebayimg.com/images/g/ykMAAOSw7wxaoigc/s-l500.jpg
https://i.ebayimg.com/images/g/mg8AAOSwDTNaoigg/s-l500.jpg
https://i.ebayimg.com/images/g/~iYAAOSwsTdaoigj/s-l500.jpg
https://i.ebayimg.com/images/g/Sp0AAOSwmOdaoigm/s-l500.jpg
https://i.ebayimg.com/images/g/LgIAAOSwEHhaoigo/s-l500.jpg
https://i.ebayimg.com/images/g/PaQAAOSwdRpaoigs/s-l500.jpg
https://i.ebayimg.com/images/g/tcMAAOSwKJFaoigz/s-l500.jpg
https://i.ebayimg.com/images/g/MY0AAOSwAwFaoig1/s-l500.jpg
https://i.ebayimg.com/images/g/~kQAAOSwyXFaoig5/s-l500.jpg
https://i.ebayimg.com/images/g/jOoAAOSwhktaoig9/s-l500.jpg
https://i.ebayimg.com/images/g/o8UAAOSwepZaoihA/s-l500.jpg
https://i.ebayimg.com/images/g/VYcAAOSwnCxaoihE/s-l500.jpg
https://i.ebayimg.com/images/g/SzwAAOSwmOdaoihH/s-l500.jpg
https://i.ebayimg.com/images/g/tpUAAOSwKJFaoiho/s-l500.jpg
","['\n\t\t\tColor: \n\t\t\t\t\t\t\n', '#1', '#2', '#3', '#4', '#5', '#6', '#7', '#8', '#9', '#10', '#11', '#12', '#13', '#14', '#15', '#16']",['\n\t\t\tColor: \n\t\t\t\t\t\t'],[],[],Pillows
https://www.ebay.com/itm/400pcs-Luxury-Organza-Sweet-Candy-Gift-Bags-Wedding-Party-Favour-Jewelry-Pouches/263666328443?hash=item3d63bce37b:m:mcV2ftdhsumEBem2AtvunSA&var=562786816383,['263666328443'],['US $4.59'],['400pcs Luxury Organza Sweet Candy Gift Bags Wedding Party Favour Jewelry Pouches'],[],"https://i.ebayimg.com/images/g/toYAAOSwRI5Z4Oc~/s-l500.jpg
https://i.ebayimg.com/images/g/OKgAAOSw-olZ57LZ/s-l500.jpg
https://i.ebayimg.com/images/g/prQAAOSwiIxZ57LV/s-l500.jpg
https://i.ebayimg.com/images/g/mI8AAOSw0W5Z57LW/s-l500.jpg
https://i.ebayimg.com/images/g/RFAAAOSwNPVZ4Oc0/s-l500.jpg
https://i.ebayimg.com/images/g/JbIAAOSw0UBZ57LL/s-l500.jpg
https://i.ebayimg.com/images/g/rEYAAOSw2gxYyRzl/s-l500.jpg
https://i.ebayimg.com/images/g/tCcAAOSwuLZYyRzj/s-l500.jpg
https://i.ebayimg.com/images/g/toYAAOSwRI5Z4Oc~/s-l500.jpg
https://i.ebayimg.com/images/g/OKgAAOSw-olZ57LZ/s-l500.jpg
https://i.ebayimg.com/images/g/prQAAOSwiIxZ57LV/s-l500.jpg
https://i.ebayimg.com/images/g/mI8AAOSw0W5Z57LW/s-l500.jpg
https://i.ebayimg.com/images/g/RFAAAOSwNPVZ4Oc0/s-l500.jpg
https://i.ebayimg.com/images/g/JbIAAOSw0UBZ57LL/s-l500.jpg
https://i.ebayimg.com/images/g/rEYAAOSw2gxYyRzl/s-l500.jpg
https://i.ebayimg.com/images/g/tCcAAOSwuLZYyRzj/s-l500.jpg
","['\n\t\t\tQty: \n\t\t\t\t\t\t\n', 'Silver', 'Gold', '- Select -', '7X9cm Small', '9X12cm Medium', '- Select -', '25pcs', '50pcs', '100pcs', '200pcs', '400pcs']",['\n\t\t\tColor: \n\t\t\t\t\t\t'],[],[],Wedding Favors
https://www.ebay.com/itm/50x-Sliver-Stainless-Steel-Charm-Jewelry-Making-DIY-Handmade-Pendants-Findings/264020960578?hash=item3d78e02542:m:mMisc_zEdRNE5zB9jBiDZhw&var=563553875785,['264020960578'],['US $5.26'],['50x Sliver Stainless Steel Charm Jewelry Making DIY Handmade Pendants Findings'],[],"https://i.ebayimg.com/images/g/mVcAAOSwYwJZ-TM2/s-l500.jpg
https://i.ebayimg.com/images/g/w9IAAOSwqz9ZzL0v/s-l500.jpg
https://i.ebayimg.com/images/g/daYAAOSw0oBZzL0x/s-l500.jpg
https://i.ebayimg.com/images/g/ukkAAOSwwf5ZzL0z/s-l500.jpg
https://i.ebayimg.com/images/g/Pw4AAOSwHIlZzL02/s-l500.jpg
https://i.ebayimg.com/images/g/A4YAAOSwujBZzL0-/s-l500.jpg
https://i.ebayimg.com/images/g/ofMAAOSwi~5ZzL0~/s-l500.jpg
https://i.ebayimg.com/images/g/MQUAAOSwBUVZzL1G/s-l500.jpg
https://i.ebayimg.com/images/g/j6wAAOSw~ZBZzL1I/s-l500.jpg
https://i.ebayimg.com/images/g/s04AAOSwr9VZzL1M/s-l500.jpg
https://i.ebayimg.com/images/g/yl4AAOSwQiBZzL1O/s-l500.jpg
https://i.ebayimg.com/images/g/w9IAAOSwqz9ZzL0v/s-l500.jpg
https://i.ebayimg.com/images/g/daYAAOSw0oBZzL0x/s-l500.jpg
https://i.ebayimg.com/images/g/ukkAAOSwwf5ZzL0z/s-l500.jpg
https://i.ebayimg.com/images/g/Pw4AAOSwHIlZzL02/s-l500.jpg
https://i.ebayimg.com/images/g/A4YAAOSwujBZzL0-/s-l500.jpg
https://i.ebayimg.com/images/g/ofMAAOSwi~5ZzL0~/s-l500.jpg
https://i.ebayimg.com/images/g/MQUAAOSwBUVZzL1G/s-l500.jpg
https://i.ebayimg.com/images/g/j6wAAOSw~ZBZzL1I/s-l500.jpg
https://i.ebayimg.com/images/g/s04AAOSwr9VZzL1M/s-l500.jpg
https://i.ebayimg.com/images/g/yl4AAOSwQiBZzL1O/s-l500.jpg
https://i.ebayimg.com/images/g/r90AAOSwwrtZzL0y/s-l500.jpg
https://i.ebayimg.com/images/g/y3YAAOSw1KNZzL00/s-l500.jpg
https://i.ebayimg.com/images/g/~4MAAOSwcqBZzL02/s-l500.jpg
https://i.ebayimg.com/images/g/ZXgAAOSwOKVZzL06/s-l500.jpg
https://i.ebayimg.com/images/g/jAUAAOSwXedZzL08/s-l500.jpg
https://i.ebayimg.com/images/g/950AAOSwhlZZzL09/s-l500.jpg
https://i.ebayimg.com/images/g/-uAAAOSwlRZZzL0~/s-l500.jpg
https://i.ebayimg.com/images/g/RjYAAOSwAGlZzL1B/s-l500.jpg
https://i.ebayimg.com/images/g/aGMAAOSwhYdZzL1D/s-l500.jpg
https://i.ebayimg.com/images/g/upwAAOSwwf5ZzL1H/s-l500.jpg
https://i.ebayimg.com/images/g/2MsAAOSwGFpZzL1L/s-l500.jpg
https://i.ebayimg.com/images/g/bHsAAOSw~jpZzL0-/s-l500.jpg
https://i.ebayimg.com/images/g/ACIAAOSwSZFZzL1B/s-l500.jpg
https://i.ebayimg.com/images/g/ykYAAOSwQiBZzL1D/s-l500.jpg
https://i.ebayimg.com/images/g/sxwAAOSwYL9ZzL1F/s-l500.jpg
https://i.ebayimg.com/images/g/wD0AAOSwugtZzL1H/s-l500.jpg
https://i.ebayimg.com/images/g/nsYAAOSwGh5ZzL1I/s-l500.jpg
https://i.ebayimg.com/images/g/3VIAAOSwjghZzL1O/s-l500.jpg
https://i.ebayimg.com/images/g/o84AAOSwCmNZzL1P/s-l500.jpg
https://i.ebayimg.com/images/g/a~IAAOSw62VZzL1R/s-l500.jpg
https://i.ebayimg.com/images/g/HdIAAOSwb-tZzL1T/s-l500.jpg
https://i.ebayimg.com/images/g/6gwAAOSw5VtZzL1W/s-l500.jpg
https://i.ebayimg.com/images/g/-DwAAOSwuk1ZzL1N/s-l500.jpg
https://i.ebayimg.com/images/g/XS8AAOSwVfxZzL1Q/s-l500.jpg
https://i.ebayimg.com/images/g/xnsAAOSw~QdZzL1S/s-l500.jpg
https://i.ebayimg.com/images/g/PtsAAOSwWWpZzL1U/s-l500.jpg
https://i.ebayimg.com/images/g/sKMAAOSwNd9ZzL1X/s-l500.jpg
https://i.ebayimg.com/images/g/dIkAAOSwynRZzL1Z/s-l500.jpg
https://i.ebayimg.com/images/g/AJsAAOSwSZFZzL1g/s-l500.jpg
https://i.ebayimg.com/images/g/PjoAAOSwyXhZzL1h/s-l500.jpg
https://i.ebayimg.com/images/g/IbsAAOSwxX1ZzL1j/s-l500.jpg
https://i.ebayimg.com/images/g/ncEAAOSwL5BZzL1m/s-l500.jpg
https://i.ebayimg.com/images/g/xe0AAOSw2GlZzL1r/s-l500.jpg
https://i.ebayimg.com/images/g/wXgAAOSwKZ5ZzL1t/s-l500.jpg
https://i.ebayimg.com/images/g/-o0AAOSwjPdZzL4V/s-l500.jpg
https://i.ebayimg.com/images/g/DYYAAOSwzSRZzL4Y/s-l500.jpg
https://i.ebayimg.com/images/g/QWUAAOSwzilZzL4a/s-l500.jpg
https://i.ebayimg.com/images/g/X2kAAOSwYbhZzL4c/s-l500.jpg
https://i.ebayimg.com/images/g/ijEAAOSwvtFZzL4f/s-l500.jpg
https://i.ebayimg.com/images/g/FmEAAOSw1VJZzL4g/s-l500.jpg
https://i.ebayimg.com/images/g/JFsAAOSwsm1ZzL4i/s-l500.jpg
https://i.ebayimg.com/images/g/j1EAAOSwXedZzL4k/s-l500.jpg
https://i.ebayimg.com/images/g/W3sAAOSwP4ZZzL4m/s-l500.jpg
https://i.ebayimg.com/images/g/ySAAAOSw~QdZzL4o/s-l500.jpg
https://i.ebayimg.com/images/g/FlwAAOSw1VJZzL4f/s-l500.jpg
https://i.ebayimg.com/images/g/VIIAAOSw2N1ZzL4i/s-l500.jpg
https://i.ebayimg.com/images/g/LDAAAOSwDZtZzL4k/s-l500.jpg
https://i.ebayimg.com/images/g/4lkAAOSww1dZzL4n/s-l500.jpg
https://i.ebayimg.com/images/g/Uu4AAOSwNglZzL4p/s-l500.jpg
https://i.ebayimg.com/images/g/ICYAAOSwb-tZzL4r/s-l500.jpg
https://i.ebayimg.com/images/g/mzoAAOSw1aVZzL4s/s-l500.jpg
https://i.ebayimg.com/images/g/BwcAAOSwqF9ZzL4u/s-l500.jpg
https://i.ebayimg.com/images/g/CJsAAOSwgkxZzL4w/s-l500.jpg
https://i.ebayimg.com/images/g/U9IAAOSwTLlZzL4y/s-l500.jpg
https://i.ebayimg.com/images/g/XWMAAOSwIINZzL40/s-l500.jpg
https://i.ebayimg.com/images/g/iggAAOSwtTJZzL42/s-l500.jpg
https://i.ebayimg.com/images/g/mVcAAOSwYwJZ-TM2/s-l500.jpg
https://i.ebayimg.com/images/g/w9IAAOSwqz9ZzL0v/s-l500.jpg
https://i.ebayimg.com/images/g/daYAAOSw0oBZzL0x/s-l500.jpg
https://i.ebayimg.com/images/g/ukkAAOSwwf5ZzL0z/s-l500.jpg
https://i.ebayimg.com/images/g/Pw4AAOSwHIlZzL02/s-l500.jpg
https://i.ebayimg.com/images/g/A4YAAOSwujBZzL0-/s-l500.jpg
https://i.ebayimg.com/images/g/ofMAAOSwi~5ZzL0~/s-l500.jpg
https://i.ebayimg.com/images/g/MQUAAOSwBUVZzL1G/s-l500.jpg
https://i.ebayimg.com/images/g/j6wAAOSw~ZBZzL1I/s-l500.jpg
https://i.ebayimg.com/images/g/s04AAOSwr9VZzL1M/s-l500.jpg
https://i.ebayimg.com/images/g/yl4AAOSwQiBZzL1O/s-l500.jpg
https://i.ebayimg.com/images/g/w9IAAOSwqz9ZzL0v/s-l500.jpg
https://i.ebayimg.com/images/g/daYAAOSw0oBZzL0x/s-l500.jpg
https://i.ebayimg.com/images/g/ukkAAOSwwf5ZzL0z/s-l500.jpg
https://i.ebayimg.com/images/g/Pw4AAOSwHIlZzL02/s-l500.jpg
https://i.ebayimg.com/images/g/A4YAAOSwujBZzL0-/s-l500.jpg
https://i.ebayimg.com/images/g/ofMAAOSwi~5ZzL0~/s-l500.jpg
https://i.ebayimg.com/images/g/MQUAAOSwBUVZzL1G/s-l500.jpg
https://i.ebayimg.com/images/g/j6wAAOSw~ZBZzL1I/s-l500.jpg
https://i.ebayimg.com/images/g/s04AAOSwr9VZzL1M/s-l500.jpg
https://i.ebayimg.com/images/g/yl4AAOSwQiBZzL1O/s-l500.jpg
https://i.ebayimg.com/images/g/r90AAOSwwrtZzL0y/s-l500.jpg
https://i.ebayimg.com/images/g/y3YAAOSw1KNZzL00/s-l500.jpg
https://i.ebayimg.com/images/g/~4MAAOSwcqBZzL02/s-l500.jpg
https://i.ebayimg.com/images/g/ZXgAAOSwOKVZzL06/s-l500.jpg
https://i.ebayimg.com/images/g/jAUAAOSwXedZzL08/s-l500.jpg
https://i.ebayimg.com/images/g/950AAOSwhlZZzL09/s-l500.jpg
https://i.ebayimg.com/images/g/-uAAAOSwlRZZzL0~/s-l500.jpg
https://i.ebayimg.com/images/g/RjYAAOSwAGlZzL1B/s-l500.jpg
https://i.ebayimg.com/images/g/aGMAAOSwhYdZzL1D/s-l500.jpg
https://i.ebayimg.com/images/g/upwAAOSwwf5ZzL1H/s-l500.jpg
https://i.ebayimg.com/images/g/2MsAAOSwGFpZzL1L/s-l500.jpg
https://i.ebayimg.com/images/g/bHsAAOSw~jpZzL0-/s-l500.jpg
https://i.ebayimg.com/images/g/ACIAAOSwSZFZzL1B/s-l500.jpg
https://i.ebayimg.com/images/g/ykYAAOSwQiBZzL1D/s-l500.jpg
https://i.ebayimg.com/images/g/sxwAAOSwYL9ZzL1F/s-l500.jpg
https://i.ebayimg.com/images/g/wD0AAOSwugtZzL1H/s-l500.jpg
https://i.ebayimg.com/images/g/nsYAAOSwGh5ZzL1I/s-l500.jpg
https://i.ebayimg.com/images/g/3VIAAOSwjghZzL1O/s-l500.jpg
https://i.ebayimg.com/images/g/o84AAOSwCmNZzL1P/s-l500.jpg
https://i.ebayimg.com/images/g/a~IAAOSw62VZzL1R/s-l500.jpg
https://i.ebayimg.com/images/g/HdIAAOSwb-tZzL1T/s-l500.jpg
https://i.ebayimg.com/images/g/6gwAAOSw5VtZzL1W/s-l500.jpg
https://i.ebayimg.com/images/g/-DwAAOSwuk1ZzL1N/s-l500.jpg
https://i.ebayimg.com/images/g/XS8AAOSwVfxZzL1Q/s-l500.jpg
https://i.ebayimg.com/images/g/xnsAAOSw~QdZzL1S/s-l500.jpg
https://i.ebayimg.com/images/g/PtsAAOSwWWpZzL1U/s-l500.jpg
https://i.ebayimg.com/images/g/sKMAAOSwNd9ZzL1X/s-l500.jpg
https://i.ebayimg.com/images/g/dIkAAOSwynRZzL1Z/s-l500.jpg
https://i.ebayimg.com/images/g/AJsAAOSwSZFZzL1g/s-l500.jpg
https://i.ebayimg.com/images/g/PjoAAOSwyXhZzL1h/s-l500.jpg
https://i.ebayimg.com/images/g/IbsAAOSwxX1ZzL1j/s-l500.jpg
https://i.ebayimg.com/images/g/ncEAAOSwL5BZzL1m/s-l500.jpg
https://i.ebayimg.com/images/g/xe0AAOSw2GlZzL1r/s-l500.jpg
https://i.ebayimg.com/images/g/wXgAAOSwKZ5ZzL1t/s-l500.jpg
https://i.ebayimg.com/images/g/-o0AAOSwjPdZzL4V/s-l500.jpg
https://i.ebayimg.com/images/g/DYYAAOSwzSRZzL4Y/s-l500.jpg
https://i.ebayimg.com/images/g/QWUAAOSwzilZzL4a/s-l500.jpg
https://i.ebayimg.com/images/g/X2kAAOSwYbhZzL4c/s-l500.jpg
https://i.ebayimg.com/images/g/ijEAAOSwvtFZzL4f/s-l500.jpg
https://i.ebayimg.com/images/g/FmEAAOSw1VJZzL4g/s-l500.jpg
https://i.ebayimg.com/images/g/JFsAAOSwsm1ZzL4i/s-l500.jpg
https://i.ebayimg.com/images/g/j1EAAOSwXedZzL4k/s-l500.jpg
https://i.ebayimg.com/images/g/W3sAAOSwP4ZZzL4m/s-l500.jpg
https://i.ebayimg.com/images/g/ySAAAOSw~QdZzL4o/s-l500.jpg
https://i.ebayimg.com/images/g/FlwAAOSw1VJZzL4f/s-l500.jpg
https://i.ebayimg.com/images/g/VIIAAOSw2N1ZzL4i/s-l500.jpg
https://i.ebayimg.com/images/g/LDAAAOSwDZtZzL4k/s-l500.jpg
https://i.ebayimg.com/images/g/4lkAAOSww1dZzL4n/s-l500.jpg
https://i.ebayimg.com/images/g/Uu4AAOSwNglZzL4p/s-l500.jpg
https://i.ebayimg.com/images/g/ICYAAOSwb-tZzL4r/s-l500.jpg
https://i.ebayimg.com/images/g/mzoAAOSw1aVZzL4s/s-l500.jpg
https://i.ebayimg.com/images/g/BwcAAOSwqF9ZzL4u/s-l500.jpg
https://i.ebayimg.com/images/g/CJsAAOSwgkxZzL4w/s-l500.jpg
https://i.ebayimg.com/images/g/U9IAAOSwTLlZzL4y/s-l500.jpg
https://i.ebayimg.com/images/g/XWMAAOSwIINZzL40/s-l500.jpg
https://i.ebayimg.com/images/g/iggAAOSwtTJZzL42/s-l500.jpg
","['\n\t\t\tDesign: \n\t\t\t\t\t\t\n', 'U type', 'Hexagon', 'Cross', 'Musical Note', 'Smile', 'Key']",['\n\t\t\tDesign: \n\t\t\t\t\t\t'],[],[],Charms & Pendants
